feature,importance
industry,0.2961855641522391
major,0.24225340313163465
jobType,0.18362825510188782
degree,0.09176155535752761
yearsExperience,0.09007799944953078
milesFromMetropolis,0.08547794799531282
companyId,0.010615274811867189
